{"cameraMode":{"drawMode":0,"name":"Shaded","section":"Shading Mode"},"sceneLighting":true,"audioPlay":false,"sceneViewState":{"m_AlwaysRefresh":false,"showFog":true,"showSkybox":true,"showFlares":true,"showImageEffects":true,"showParticleSystems":true,"showVisualEffectGraphs":true,"m_FxEnabled":true},"in2DMode":false,"pivot":{"x":-5.544017314910889,"y":0.2996836304664612,"z":1.7596263885498047},"rotation":{"x":0.054340533912181857,"y":-0.8269115686416626,"z":0.08113973587751389,"w":0.5537914633750916},"size":3.508114814758301,"orthographic":false}